{
  "name": "QDFevo_demo_one_slice",
  "target": "ABA_Mouse_CCFv3_2017_25um.cutlas",
  "target-resolution": [
    456,
    528,
    320
  ],
  "slices": [
    {
      "filename": "505A_XY01_CH3.jpg",
      "nr": 14,
      "width": 7712,
      "height": 4768,
      "anchoring": [
        475.7865753173828,
        198.9455885887146,
        316.57423400878906,
        -464.5299072265625,
        -21.68150758743286,
        27.10948657989502,
        -30.7319974899292,
        16.0895037651062,
        -323.64637756347656
      ],
      "markers": [
        [
          3959.842010771992,
          1204.567324955117,
          3966.7648114901262,
          1156.1077199281867
        ],
        [
          3755.0803152889957,
          3413.25287376697,
          3772.926391382406,
          3502.937163375225
        ],
        [
          5609.2385103275465,
          2431.359153021352,
          5642.082585278277,
          2616.8186714542194
        ],
        [
          5150.260847680587,
          3410.6957133561173,
          5185.177737881509,
          3558.3195691202877
        ],
        [
          2077.478307999204,
          2481.217191195609,
          2194.527827648115,
          2429.903052064632
        ],
        [
          2649.8469305301987,
          1855.4142301572192,
          2713.737881508079,
          1876.0789946140037
        ],
        [
          2986.868646001819,
          1461.9808551510787,
          3018.3411131059247,
          1384.560143626571
        ],
        [
          4284.024269409447,
          1169.0658363801417,
          4333.673249551168,
          1066.1113105924596
        ],
        [
          4907.404351799648,
          1560.5379912342107,
          4949.8025134649915,
          1564.5529622980252
        ],
        [
          4655.035365274142,
          1336.264619465068,
          4700.581687612209,
          1287.640933572711
        ],
        [
          3634.5748483239836,
          1253.8278313566063,
          3599.8563734290847,
          1128.4165170556555
        ],
        [
          3966.193136017455,
          738.0614471562451,
          3932.1508078994616,
          671.511669658887
        ],
        [
          4131.205810126997,
          657.8469536059858,
          4202.140035906643,
          588.4380610412927
        ],
        [
          7317.005334205833,
          2594.2350796030864,
          7338.168761220826,
          2713.737881508079
        ],
        [
          5504.1450016941935,
          484.60627211581857,
          5531.3177737881515,
          546.9012567324955
        ],
        [
          2848.5683426352534,
          246.53700122852115,
          2886.8078994614007,
          214.6068222621185
        ],
        [
          503.0462160996217,
          2554.300042153181,
          574.592459605027,
          2492.208258527828
        ],
        [
          809.8360250102953,
          1274.3983729911934,
          872.2728904847397,
          1204.5673249551169
        ],
        [
          1032.0119671652658,
          4111.909601184271,
          1121.4937163375225,
          4215.985637342909
        ],
        [
          495.5307521114208,
          2836.8215003939467,
          519.2100538599641,
          2845.2710951526037
        ],
        [
          655.2549076277191,
          3447.51322338861,
          664.5888689407541,
          3537.551166965889
        ],
        [
          2307.756210455888,
          3856.260616251242,
          2457.5942549371634,
          3994.4560143626572
        ],
        [
          2276.8752866068157,
          3131.577687134239,
          2402.2118491921005,
          3170.642728904848
        ],
        [
          2811.579526981424,
          3675.947416694756,
          2893.7307001795334,
          3703.6983842010777
        ],
        [
          3720.4552928930852,
          3962.5428150050793,
          3738.312387791742,
          4091.3752244165175
        ],
        [
          4640.423688265591,
          3777.7590076599045,
          4665.967684021544,
          3911.3824057450634
        ],
        [
          4310.9760383758485,
          3674.102544497123,
          4333.673249551168,
          3793.694793536805
        ],
        [
          1795.3222249807088,
          1849.476841399645,
          1786.0825852782766,
          1834.5421903052065
        ],
        [
          6035.872677969462,
          2040.0762085436427,
          6098.987432675045,
          2097.608617594255
        ],
        [
          5480.505187933152,
          1697.0936298199767,
          5531.3177737881515,
          1716.854578096948
        ],
        [
          2752.463323700817,
          1525.4521237302135,
          2651.4326750448836,
          1536.8617594254938
        ],
        [
          1476.9707869991078,
          2641.956731457068,
          1682.2405745062838,
          2817.5798922800723
        ],
        [
          1088.8233496479734,
          2271.6634368157142,
          1100.725314183124,
          2215.2962298025136
        ],
        [
          1136.7918848078148,
          2575.2284844710834,
          1107.6481149012568,
          2637.5870736086176
        ],
        [
          3921.128204713209,
          435.13072597658197,
          3842.1543985637345,
          387.6768402154399
        ],
        [
          3396.773402506816,
          1140.9156295879907,
          3329.8671454219034,
          989.9605026929983
        ],
        [
          4271.022570032619,
          404.31268269090515,
          4271.368043087971,
          415.36804308797133
        ],
        [
          4116.264176720683,
          817.9555001690755,
          4188.294434470377,
          740.7396768402156
        ]
      ]
    }
  ]
}